AIRBlow,AIR,
AIRBrst,AIR,
AIRHiss,AIR,
AIRMisc,AIR,
AIRSuck,AIR,
AERODoor,AIRCRAFT,
AEROHeli,AIRCRAFT,
AEROInt,AIRCRAFT,
AEROJet,AIRCRAFT,
AEROMech,AIRCRAFT,
AEROMil,AIRCRAFT,
AEROMisc,AIRCRAFT,
AEROProp,AIRCRAFT,
AERORadio,AIRCRAFT,
AERORckt,AIRCRAFT,
ALRMBell,ALARMS,
ALRMBuzr,ALARMS,
ALRMClok,ALARMS,
ALRMElec,ALARMS,
ALRMMisc,ALARMS,
ALRMSirn,ALARMS,
AMBAir,AMBIENCE,
AMBAlpn,AMBIENCE,
AMBAmus,AMBIENCE,
AMBBird,AMBIENCE,
AMBCele,AMBIENCE,
AMBCnst,AMBIENCE,
AMBDsrt,AMBIENCE,
AMBDsgn,AMBIENCE,
AMBEmrg,AMBIENCE,
AMBFant,AMBIENCE,
AMBFarm,AMBIENCE,
AMBForst,AMBIENCE,
AMBGras,AMBIENCE,
AMBHist,AMBIENCE,
AMBTech,AMBIENCE,
AMBHosp,AMBIENCE,
AMBInd,AMBIENCE,
AMBInsc,AMBIENCE,
AMBLake,AMBIENCE,
AMBMrkt,AMBIENCE,
AMBMisc,AMBIENCE,
AMBNaut,AMBIENCE,
AMBOffc,AMBIENCE,
AMBPark,AMBIENCE,
AMBPrisn,AMBIENCE,
AMBPrtst,AMBIENCE,
AMBPubl,AMBIENCE,
AMBRlgn,AMBIENCE,
AMBHome,AMBIENCE,
AMBRest,AMBIENCE,
AMBRoom,AMBIENCE,
AMBRurl,AMBIENCE,
AMBSchl,AMBIENCE,
AMBSci,AMBIENCE,
AMBSea,AMBIENCE,
AMBSprt,AMBIENCE,
AMBSubn,AMBIENCE,
AMBSwmp,AMBIENCE,
AMBTown,AMBIENCE,
AMBTraf,AMBIENCE,
AMBTran,AMBIENCE,
AMBTrop,AMBIENCE,
AMBTndra,AMBIENCE,
AMBUndr,AMBIENCE,
AMBUndwtr,AMBIENCE,
AMBUrbn,AMBIENCE,
AMBWar,AMBIENCE,
ANMLAmph,ANIMALS,
ANMLAqua,ANIMALS,
ANMLBat,ANIMALS,
ANMLCat,ANIMALS,
ANMLWcat,ANIMALS,
ANMLDog,ANIMALS,
ANMLWdog,ANIMALS,
ANMLFarm,ANIMALS,
ANMLHors,ANIMALS,
ANMLInsc,ANIMALS,
ANMLMisc,ANIMALS,
ANMLPrim,ANIMALS,
ANMLRept,ANIMALS,
ANMLRdnt,ANIMALS,
ANMLWild,ANIMALS,
ADR,ARCHIVED,
ASSET,ARCHIVED,
BNCE,ARCHIVED,
IR,ARCHIVED,
LPGRP,ARCHIVED,
MIX,ARCHIVED,
PFX,ARCHIVED,
PROD,ARCHIVED,
RAW,ARCHIVED,
REF,ARCHIVED,
SCNE,ARCHIVED,
TEST,ARCHIVED,
TMARK,ARCHIVED,
WIP,ARCHIVED,
WTF,ARCHIVED,
BEEPAppl,BEEPS,
BEEP,BEEPS,
BEEPLofi,BEEPS,
BEEPMed,BEEPS,
BEEPTimer,BEEPS,
BEEPVeh,BEEPS,
BELLAnml,BELLS,
BELLDoor,BELLS,
BELLGong,BELLS,
BELLHand,BELLS,
BELLLrg,BELLS,
BELLMisc,BELLS,
BIRDPrey,BIRDS,
BIRDCrow,BIRDS,
BIRDFowl,BIRDS,
BIRDMisc,BIRDS,
BIRDSea,BIRDS,
BIRDSong,BIRDS,
BIRDTrop,BIRDS,
BIRDWade,BIRDS,
BOATAir,BOATS,
BOATWash,BOATS,
BOATDoor,BOATS,
BOATElec,BOATS,
BOATFish,BOATS,
BOATHorn,BOATS,
BOATInt,BOATS,
BOATMech,BOATS,
BOATMil,BOATS,
BOATMisc,BOATS,
BOATMotr,BOATS,
BOATRace,BOATS,
BOATRow,BOATS,
BOATSail,BOATS,
BOATShip,BOATS,
BOATStm,BOATS,
BOATSub,BOATS,
BOATUndwtr,BOATS,
BLLTBy,BULLETS,
BLLTImpt,BULLETS,
BLLTMisc,BULLETS,
BLLTRico,BULLETS,
BLLTShel,BULLETS,
TOONAnml,CARTOON,
TOONBoing,CARTOON,
TOONClang,CARTOON,
TOONCreak,CARTOON,
TOONHorn,CARTOON,
TOONImpt,CARTOON,
TOONMach,CARTOON,
TOONMisc,CARTOON,
TOONMx,CARTOON,
TOONPluk,CARTOON,
TOONPop,CARTOON,
TOONShake,CARTOON,
TOONSplt,CARTOON,
TOONSqk,CARTOON,
TOONStrch,CARTOON,
TOONSwsh,CARTOON,
TOONTwang,CARTOON,
TOONVeh,CARTOON,
TOONVox,CARTOON,
TOONWarb,CARTOON,
TOONWhis,CARTOON,
TOONZip,CARTOON,
CERMBrk,CERAMICS,
CERMCrsh,CERAMICS,
CERMFric,CERAMICS,
CERMHndl,CERAMICS,
CERMImpt,CERAMICS,
CERMMisc,CERAMICS,
CERMMvmt,CERAMICS,
CERMTonl,CERAMICS,
CHAINBrk,CHAINS,
CHAINHndl,CHAINS,
CHAINImpt,CHAINS,
CHAINMisc,CHAINS,
CHAINMvmt,CHAINS,
CHEMAcid,CHEMICALS,
CHEMMisc,CHEMICALS,
CHEMReac,CHEMICALS,
CLOCKChim,CLOCKS,
CLOCKMech,CLOCKS,
CLOCKMisc,CLOCKS,
CLOCKTick,CLOCKS,
CLOTHFlp,CLOTH,
CLOTHHndl,CLOTH,
CLOTHImpt,CLOTH,
CLOTHMisc,CLOTH,
CLOTHMvmt,CLOTH,
CLOTHRip,CLOTH,
COMAv,COMMUNICATIONS,
COMCam,COMMUNICATIONS,
COMCell,COMMUNICATIONS,
COMMic,COMMUNICATIONS,
COMMisc,COMMUNICATIONS,
COMPhono,COMMUNICATIONS,
COMRadio,COMMUNICATIONS,
COMStatic,COMMUNICATIONS,
COMTelm,COMMUNICATIONS,
COMTelph,COMMUNICATIONS,
COMTv,COMMUNICATIONS,
COMTran,COMMUNICATIONS,
COMType,COMMUNICATIONS,
CMPTDriv,COMPUTERS,
CMPTKey,COMPUTERS,
CMPTMisc,COMPUTERS,
CREAAqua,CREATURES,
CREAAvian,CREATURES,
CREABeast,CREATURES,
CREABlob,CREATURES,
CREADino,CREATURES,
CREADrgn,CREATURES,
CREAElem,CREATURES,
CREAEthr,CREATURES,
CREAHmn,CREATURES,
CREAInsc,CREATURES,
CREAMisc,CREATURES,
CREAMnstr,CREATURES,
CREARept,CREATURES,
CREASmall,CREATURES,
CREASrce,CREATURES,
CRWDAngr,CROWDS,
CRWDApls,CROWDS,
CRWDBatl,CROWDS,
CRWDCele,CROWDS,
CRWDCheer,CROWDS,
CRWDChld,CROWDS,
CRWDConv,CROWDS,
CRWDLaff,CROWDS,
CRWDLoop,CROWDS,
CRWDMisc,CROWDS,
CRWDPanic,CROWDS,
CRWDQuiet,CROWDS,
CRWDReac,CROWDS,
CRWDSing,CROWDS,
CRWDSprt,CROWDS,
CRWDWalla,CROWDS,
DSGNBass,DESIGNED,
DSGNBoom,DESIGNED,
DSGNBram,DESIGNED,
DSGNDist,DESIGNED,
DSGNDron,DESIGNED,
DSGNErie,DESIGNED,
DSGNEthr,DESIGNED,
DSGNGran,DESIGNED,
DSGNImpt,DESIGNED,
DSGNMisc,DESIGNED,
DSGNMorph,DESIGNED,
DSGNRise,DESIGNED,
DSGNRmbl,DESIGNED,
DSGNRythm,DESIGNED,
DSGNSrce,DESIGNED,
DSGNStngr,DESIGNED,
DSGNSynth,DESIGNED,
DSGNTonl,DESIGNED,
DSGNVocl,DESIGNED,
DSGNWhsh,DESIGNED,
DESTRClpse,DESTRUCTION,
DESTRCrsh,DESTRUCTION,
DESTRMisc,DESTRUCTION,
DIRTCrsh,DIRT & SAND,
DIRTDust,DIRT & SAND,
DIRTHndl,DIRT & SAND,
DIRTImpt,DIRT & SAND,
DIRTMisc,DIRT & SAND,
DIRTMvmt,DIRT & SAND,
DIRTTonl,DIRT & SAND,
DOORAntq,DOORS,
DOORAppl,DOORS,
DOORCab,DOORS,
DOORComp,DOORS,
DOORCreak,DOORS,
DOORDungn,DOORS,
DOORElec,DOORS,
DOORGate,DOORS,
DOORGlas,DOORS,
DOORHdwr,DOORS,
DOORTech,DOORS,
DOORHydr,DOORS,
DOORKnck,DOORS,
DOORMetl,DOORS,
DOORMisc,DOORS,
DOORPlas,DOORS,
DOORPrisn,DOORS,
DOORRevl,DOORS,
DOORSlid,DOORS,
DOORSton,DOORS,
DOORSwng,DOORS,
DOORWood,DOORS,
DRWRMetl,DRAWERS,
DRWRMisc,DRAWERS,
DRWRPlas,DRAWERS,
DRWRWood,DRAWERS,
ELECArc,ELECTRICITY,
ELECBuzz,ELECTRICITY,
ELECEmf,ELECTRICITY,
ELECMisc,ELECTRICITY,
ELECSprk,ELECTRICITY,
ELECZap,ELECTRICITY,
EQUIPBridle,EQUIPMENT,
EQUIPTech,EQUIPMENT,
EQUIPMisc,EQUIPMENT,
EQUIPRec,EQUIPMENT,
EQUIPSprt,EQUIPMENT,
EQUIPTact,EQUIPMENT,
EXPLDsgn,EXPLOSIONS,
EXPLMisc,EXPLOSIONS,
EXPLReal,EXPLOSIONS,
FARTDsgn,FARTS,
FARTMisc,FARTS,
FARTReal,FARTS,
FGHTBf,FIGHT,
FGHTClth,FIGHT,
FGHTGrab,FIGHT,
FGHTImpt,FIGHT,
FGHTMisc,FIGHT,
FIREBurn,FIRE,
FIREBrst,FIRE,
FIRECrkl,FIRE,
FIREGas,FIRE,
FIREIgn,FIRE,
FIREMisc,FIRE,
FIRESizz,FIRE,
FIRETrch,FIRE,
FIRETurb,FIRE,
FIREWhsh,FIRE,
FRWKComr,FIREWORKS,
FRWKMisc,FIREWORKS,
FRWKRec,FIREWORKS,
FOLYClth,FOLEY,
FOLYFeet,FOLEY,
FOLYHand,FOLEY,
FOLYMisc,FOLEY,
FOLYProp,FOLEY,
FOODCook,FOOD & DRINK,
FOODDrnk,FOOD & DRINK,
FOODEat,FOOD & DRINK,
FOODGware,FOOD & DRINK,
FOODIngr,FOOD & DRINK,
FOODKware,FOOD & DRINK,
FOODMisc,FOOD & DRINK,
FOODPour,FOOD & DRINK,
FOODTware,FOOD & DRINK,
FEETAnml,FOOTSTEPS,
FEETCrea,FOOTSTEPS,
FEETHors,FOOTSTEPS,
FEETHmn,FOOTSTEPS,
FEETMisc,FOOTSTEPS,
GAMEArcd,GAMES,
GAMEBoard,GAMES,
GAMECas,GAMES,
GAMEMisc,GAMES,
GAMEVideo,GAMES,
GEOFuma,GEOTHERMAL,
GEOGeyser,GEOTHERMAL,
GEOLava,GEOTHERMAL,
GEOMisc,GEOTHERMAL,
GEOMudpot,GEOTHERMAL,
GLASBrk,GLASS,
GLASCrsh,GLASS,
GLASFric,GLASS,
GLASHndl,GLASS,
GLASImpt,GLASS,
GLASMisc,GLASS,
GLASMvmt,GLASS,
GLASTonl,GLASS,
GOREBlood,GORE,
GOREBone,GORE,
GOREBurn,GORE,
GOREFlsh,GORE,
GOREMisc,GORE,
GOREOoze,GORE,
GORESrce,GORE,
GORESplt,GORE,
GORESqsh,GORE,
GOREStab,GORE,
GUNAntq,GUNS,
GUNArtl,GUNS,
GUNAuto,GUNS,
GUNCano,GUNS,
GUNHndl,GUNS,
GUNTech,GUNS,
GUNMech,GUNS,
GUNMisc,GUNS,
GUNPis,GUNS,
GUNRif,GUNS,
GUNShotg,GUNS,
GUNSupr,GUNS,
HORNAir,HORNS,
HORNCele,HORNS,
HORNMisc,HORNS,
HORNTrad,HORNS,
HMNBlow,HUMAN,
HMNBrth,HUMAN,
HMNBurp,HUMAN,
HMNCough,HUMAN,
HMNHart,HUMAN,
HMNKiss,HUMAN,
HMNMisc,HUMAN,
HMNPee,HUMAN,
HMNSkin,HUMAN,
HMNSneez,HUMAN,
HMNSniff,HUMAN,
HMNSnor,HUMAN,
HMNSpit,HUMAN,
HMNVomit,HUMAN,
ICEBrk,ICE,
ICECrsh,ICE,
ICEFric,ICE,
ICEHndl,ICE,
ICEImpt,ICE,
ICEMisc,ICE,
ICEMvmt,ICE,
ICETonl,ICE,
LASRBeam,LASERS,
LASRGun,LASERS,
LASRImpt,LASERS,
LASRMisc,LASERS,
LETHRCreak,LEATHER,
LETHRHndl,LEATHER,
LETHRImpt,LEATHER,
LETHRMisc,LEATHER,
LETHRMvmt,LEATHER,
LIQBubl,LIQUID & MUD,
LIQImpt,LIQUID & MUD,
LIQMisc,LIQUID & MUD,
LIQMvmt,LIQUID & MUD,
LIQSuct,LIQUID & MUD,
MACHAmus,MACHINES,
MACHAntq,MACHINES,
MACHAppl,MACHINES,
MACHCnst,MACHINES,
MACHElev,MACHINES,
MACHEscl,MACHINES,
MACHFan,MACHINES,
MACHGrdn,MACHINES,
MACHGym,MACHINES,
MACHTech,MACHINES,
MACHHvac,MACHINES,
MACHInd,MACHINES,
MACHMech,MACHINES,
MACHMed,MACHINES,
MACHMisc,MACHINES,
MACHOffc,MACHINES,
MACHPump,MACHINES,
MAGAngl,MAGIC,
MAGElem,MAGIC,
MAGEvil,MAGIC,
MAGMisc,MAGIC,
MAGPoof,MAGIC,
MAGShim,MAGIC,
MAGSpel,MAGIC,
MECHClik,MECHANICAL,
MECHGear,MECHANICAL,
MECHHydr,MECHANICAL,
MECHLtch,MECHANICAL,
MECHLvr,MECHANICAL,
MECHLock,MECHANICAL,
MECHMisc,MECHANICAL,
MECHPuly,MECHANICAL,
MECHRtch,MECHANICAL,
MECHRelay,MECHANICAL,
MECHRolr,MECHANICAL,
MECHSwtch,MECHANICAL,
METLBrk,METAL,
METLCrsh,METAL,
METLFric,METAL,
METLHndl,METAL,
METLImpt,METAL,
METLMisc,METAL,
METLMvmt,METAL,
METLTonl,METAL,
MOTRAntq,MOTORS,
MOTRComb,MOTORS,
MOTRElec,MOTORS,
MOTRMisc,MOTORS,
MOTRSrvo,MOTORS,
MOTRTurb,MOTORS,
MOVEActv,MOVEMENT,
MOVEAnml,MOVEMENT,
MOVECrea,MOVEMENT,
MOVECrwd,MOVEMENT,
MOVEHmn,MOVEMENT,
MOVEInsc,MOVEMENT,
MOVEMisc,MOVEMENT,
MOVEPres,MOVEMENT,
MUSCBell,MUSICAL,
MUSCBrass,MUSICAL,
MUSCChim,MUSICAL,
MUSCChor,MUSICAL,
MUSCExpr,MUSICAL,
MUSCInst,MUSICAL,
MUSCKeyd,MUSICAL,
MUSCLoop,MUSICAL,
MUSCMisc,MUSICAL,
MUSCPerc,MUSICAL,
MUSCTnprc,MUSICAL,
MUSCPrfm,MUSICAL,
MUSCPluck,MUSICAL,
MUSCSmpl,MUSICAL,
MUSCShake,MUSICAL,
MUSCSong,MUSICAL,
MUSCStngr,MUSICAL,
MUSCStr,MUSICAL,
MUSCSynth,MUSICAL,
MUSCToy,MUSICAL,
MUSCWind,MUSICAL,
NATDAval,NATURAL DISASTER,
NATDQuak,NATURAL DISASTER,
NATDMisc,NATURAL DISASTER,
NATDTorn,NATURAL DISASTER,
NATDTsun,NATURAL DISASTER,
NATDThyp,NATURAL DISASTER,
NATDVolc,NATURAL DISASTER,
OBJBag,OBJECTS,
OBJBook,OBJECTS,
OBJCoin,OBJECTS,
OBJCont,OBJECTS,
OBJFash,OBJECTS,
OBJFurn,OBJECTS,
OBJGrdn,OBJECTS,
OBJGym,OBJECTS,
OBJHsehld,OBJECTS,
OBJJewl,OBJECTS,
OBJKey,OBJECTS,
OBJLug,OBJECTS,
OBJMed,OBJECTS,
OBJMisc,OBJECTS,
OBJOffc,OBJECTS,
OBJPack,OBJECTS,
OBJTape,OBJECTS,
OBJUmbr,OBJECTS,
OBJWhled,OBJECTS,
OBJWrite,OBJECTS,
OBJZipr,OBJECTS,
PAPRFltr,PAPER,
PAPRFric,PAPER,
PAPRHndl,PAPER,
PAPRImpt,PAPER,
PAPRMisc,PAPER,
PAPRRip,PAPER,
PAPRTonl,PAPER,
PLASBrk,PLASTIC,
PLASCrsh,PLASTIC,
PLASFric,PLASTIC,
PLASHndl,PLASTIC,
PLASImpt,PLASTIC,
PLASMisc,PLASTIC,
PLASMvmt,PLASTIC,
PLASTonl,PLASTIC,
RAINClth,RAIN,
RAINConc,RAIN,
RAIN,RAIN,
RAINGlas,RAIN,
RAINInt,RAIN,
RAINMetl,RAIN,
RAINPlas,RAIN,
RAINVege,RAIN,
RAINWatr,RAIN,
RAINWood,RAIN,
ROBTMisc,ROBOTS,
ROBTMvmt,ROBOTS,
ROBTVox,ROBOTS,
ROCKBrk,ROCKS,
ROCKCrsh,ROCKS,
ROCKFric,ROCKS,
ROCKHndl,ROCKS,
ROCKImpt,ROCKS,
ROCKMisc,ROCKS,
ROCKMvmt,ROCKS,
ROCKTonl,ROCKS,
ROPECreak,ROPE,
ROPEHndl,ROPE,
ROPEImpt,ROPE,
ROPEMisc,ROPE,
ROPEMvmt,ROPE,
RUBRCrsh,RUBBER,
RUBRFric,RUBBER,
RUBRHndl,RUBBER,
RUBRImpt,RUBBER,
RUBRMisc,RUBBER,
RUBRMvmt,RUBBER,
RUBRTonl,RUBBER,
SCIAlrm,SCIFI,
SCICmpt,SCIFI,
SCIDoor,SCIFI,
SCIEnrg,SCIFI,
SCIImpt,SCIFI,
SCIMach,SCIFI,
SCIMech,SCIFI,
SCIMisc,SCIFI,
SCIRetro,SCIFI,
SCIShip,SCIFI,
SCIVeh,SCIFI,
SCIWeap,SCIFI,
SNOWCrsh,SNOW,
SNOWFric,SNOW,
SNOWHndl,SNOW,
SNOWImpt,SNOW,
SNOWMisc,SNOW,
SNOWMvmt,SNOW,
SPRTCourt,SPORTS,
SPRTField,SPORTS,
SPRTGym,SPORTS,
SPRTIndor,SPORTS,
SPRTMisc,SPORTS,
SPRTSkate,SPORTS,
SPRTTrck,SPORTS,
SPRTWatr,SPORTS,
SPRTWntr,SPORTS,
SWSH,SWOOSHES,
WHSH,SWOOSHES,
TOOLGrdn,TOOLS,
TOOLHand,TOOLS,
TOOLMisc,TOOLS,
TOOLPneu,TOOLS,
TOOLPowr,TOOLS,
TOYElec,TOYS,
TOYMech,TOYS,
TOYMisc,TOYS,
TRNBrake,TRAINS,
TRNClak,TRAINS,
TRNDoor,TRAINS,
TRNDiesl,TRAINS,
TRNElec,TRAINS,
TRNHspd,TRAINS,
TRNHorn,TRAINS,
TRNInt,TRAINS,
TRNMech,TRAINS,
TRNMisc,TRAINS,
TRNSteam,TRAINS,
TRNSbwy,TRAINS,
TRNTram,TRAINS,
UIAlert,USER INTERFACE,
UIBeep,USER INTERFACE,
UIClick,USER INTERFACE,
UIData,USER INTERFACE,
UIGlitch,USER INTERFACE,
UIMisc,USER INTERFACE,
UIMvmt,USER INTERFACE,
VEGEGras,VEGETATION,
VEGELeaf,VEGETATION,
VEGEMisc,VEGETATION,
VEGETree,VEGETATION,
VEHAlrm,VEHICLES,
VEHAntq,VEHICLES,
VEHAtv,VEHICLES,
VEHBike,VEHICLES,
VEHBrake,VEHICLES,
VEHBus,VEHICLES,
VEHCar,VEHICLES,
VEHCnst,VEHICLES,
VEHDoor,VEHICLES,
VEHElec,VEHICLES,
VEHEmrg,VEHICLES,
VEHFarm,VEHICLES,
VEHFrght,VEHICLES,
VEHBy,VEHICLES,
VEHHorn,VEHICLES,
VEHInt,VEHICLES,
VEHJalop,VEHICLES,
VEHMech,VEHICLES,
VEHMil,VEHICLES,
VEHMisc,VEHICLES,
VEHMoto,VEHICLES,
VEHRace,VEHICLES,
VEHSirn,VEHICLES,
VEHSkid,VEHICLES,
VEHSusp,VEHICLES,
VEHTire,VEHICLES,
VEHTruck,VEHICLES,
VEHUtil,VEHICLES,
VEHWagn,VEHICLES,
VEHWndw,VEHICLES,
VOXAlien,VOICES,
VOXBaby,VOICES,
VOXCheer,VOICES,
VOXChld,VOICES,
VOXCry,VOICES,
VOXEfrt,VOICES,
VOXFem,VOICES,
VOXFutz,VOICES,
VOXHist,VOICES,
VOXLaff,VOICES,
VOXMale,VOICES,
VOXMisc,VOICES,
VOXReac,VOICES,
VOXScrm,VOICES,
VOXSing,VOICES,
VOXWhsp,VOICES,
WATRBubl,WATER,
WATRDran,WATER,
WATRDrip,WATER,
WATRFizz,WATER,
WATRFlow,WATER,
WATRFoun,WATER,
WATRImpt,WATER,
WATRLap,WATER,
WATRMisc,WATER,
WATRMvmt,WATER,
WATRPlmb,WATER,
WATRPour,WATER,
WATRSplsh,WATER,
WATRSpray,WATER,
WATRStm,WATER,
WATRSurf,WATER,
WATRTurb,WATER,
WATRUndwtr,WATER,
WATRFall,WATER,
WATRWave,WATER,
WEAPArmr,WEAPONS,
WEAPArro,WEAPONS,
WEAPAxe,WEAPONS,
WEAPBlnt,WEAPONS,
WEAPBow,WEAPONS,
WEAPKnif,WEAPONS,
WEAPMisc,WEAPONS,
WEAPPole,WEAPONS,
WEAPSiege,WEAPONS,
WEAPSwrd,WEAPONS,
WEAPWhip,WEAPONS,
HAIL,WEATHER,
WTHR,WEATHER,
STORM,WEATHER,
THUN,WEATHER,
WHSTHmn,WHISTLES,
WHSTMech,WHISTLES,
WHSTMisc,WHISTLES,
WINDDsgn,WIND,
WIND,WIND,
WINDGust,WIND,
WINDInt,WIND,
WINDTonl,WIND,
WINDTurb,WIND,
WINDVege,WIND,
WNDWCover,WINDOWS,
WNDWHdwr,WINDOWS,
WNDWKnck,WINDOWS,
WNDWMetl,WINDOWS,
WNDWMisc,WINDOWS,
WNDWPlas,WINDOWS,
WNDWWood,WINDOWS,
WINGBird,WINGS,
WINGCrea,WINGS,
WINGInsc,WINGS,
WINGMisc,WINGS,
WOODBrk,WOOD,
WOODCrsh,WOOD,
WOODFric,WOOD,
WOODHndl,WOOD,
WOODImpt,WOOD,
WOODMisc,WOOD,
WOODMvmt,WOOD,
WOODTonl,WOOD,
,,
,,
,,
,,
,,
,,
,,
,,
,,
,,
,,
,,
,,
,,
,,
,,
,,
,,
,,
,,
,,
,,
,,
,,
,,
,,
,,
,,
,,
,,
,,
,,
,,
,,
,,
,,
,,
,,
,,
,,
,,
,,
,,
,,
,,
,,
,,
,,
,,
,,
,,
,,
,,
,,
,,
,,
,,
,,
,,
,,
,,
,,
,,
,,
,,
,,
,,
,,
,,
,,
,,
,,
,,
,,
,,
,,
,,
,,
,,
,,
,,
,,
,,
,,
,,
,,
,,
,,
,,
,,
,,
,,
,,
,,
,,
,,
,,
,,
,,
,,
,,
,,
,,
,,
,,
,,
,,
,,
,,
,,
,,
,,
,,
,,
,,
,,
,,
,,
,,
,,
,,
,,
,,
,,
,,
,,
,,
,,
,,
,,
,,
,,
,,
,,
,,
,,
,,
,,
,,
,,
,,
,,
,,
,,
,,
,,
,,
,,
,,
,,
,,
,,
,,
,,
,,
,,
,,
,,
,,
,,
,,
,,
,,
,,
,,
,,
,,
,,
,,
,,
,,
,,
,,
,,
,,
,,
,,
,,
,,
,,
,,
,,
,,
,,
,,
,,
,,
,,
,,
,,
,,
,,
,,
,,
,,
,,
,,
,,
,,
,,
,,
,,
,,
,,
,,
,,
,,
,,
,,
,,
,,
,,
,,
,,
,,
,,
,,
,,
,,
